"","Time","New users prediction AR","New users prediction CO","New users prediction EC","New users prediction GT","New users prediction HN","New users prediction MX","New users prediction PE"
"1",Apr 2022,197.775824175798,-275.608791209757,446.835164835327,40.4241758241551,55.0901098899776,284.859340658877,380.237362637476
"2",Jul 2022,114.923076923005,-592.560439561028,528.527472527581,-29.2087912088027,-7.7912087913719,45.6043956039939,437.989010989142
