"","Time","Returning users prediction AR","Returning users prediction CO","Returning users prediction EC","Returning users prediction GT","Returning users prediction HN","Returning users prediction MX","Returning users prediction PE"
"1",Apr 2022,-221.669514695648,-576.534518113825,118.381408065623,-84.042378673912,-60.9647983595496,-273.728298017289,98.6281613123647
"2",Jul 2022,-417.070403280901,-1039.13328776509,124.908407382092,-206.767600820167,-166.289815447759,-761.683526998851,91.1681476418235
